{
    "name": "root",
    "metadata": {
        "timer_format_version": "0.1.0",
        "start_time_seconds": "1670327951",
        "python_version": "3.7.12 | packaged by conda-forge | (default, Oct 26 2021, 05:35:01) [MSC v.1916 64 bit (AMD64)]",
        "command_line_arguments": "C:\\Users\\terem\\anaconda3\\envs\\unity\\Scripts\\mlagents-learn .\\Pathfind.yaml --run-id=Run 1",
        "mlagents_version": "0.28.0",
        "mlagents_envs_version": "0.28.0",
        "communication_protocol_version": "1.5.0",
        "pytorch_version": "1.7.1+cu110",
        "numpy_version": "1.21.6",
        "end_time_seconds": "1670328083"
    },
    "total": 131.4946726,
    "count": 1,
    "self": 0.014777800000018715,
    "children": {
        "run_training.setup": {
            "total": 0.16339140000000008,
            "count": 1,
            "self": 0.16339140000000008
        },
        "TrainerController.start_learning": {
            "total": 131.3165034,
            "count": 1,
            "self": 0.32378849999986414,
            "children": {
                "TrainerController._reset_env": {
                    "total": 7.223631599999999,
                    "count": 1,
                    "self": 7.223631599999999
                },
                "TrainerController.advance": {
                    "total": 123.54347810000013,
                    "count": 8167,
                    "self": 0.16476770000002716,
                    "children": {
                        "env_step": {
                            "total": 123.3787104000001,
                            "count": 8167,
                            "self": 107.91594760000044,
                            "children": {
                                "SubprocessEnvManager._take_step": {
                                    "total": 15.307552100000043,
                                    "count": 8167,
                                    "self": 0.6017273999995272,
                                    "children": {
                                        "TorchPolicy.evaluate": {
                                            "total": 14.705824700000516,
                                            "count": 8167,
                                            "self": 3.2597246000010998,
                                            "children": {
                                                "TorchPolicy.sample_actions": {
                                                    "total": 11.446100099999416,
                                                    "count": 8167,
                                                    "self": 11.446100099999416
                                                }
                                            }
                                        }
                                    }
                                },
                                "workers": {
                                    "total": 0.1552106999996159,
                                    "count": 8166,
                                    "self": 0.0,
                                    "children": {
                                        "worker_root": {
                                            "total": 60.35684820000014,
                                            "count": 8166,
                                            "is_parallel": true,
                                            "self": 26.404377100000467,
                                            "children": {
                                                "steps_from_proto": {
                                                    "total": 0.0055504000000006215,
                                                    "count": 1,
                                                    "is_parallel": true,
                                                    "self": 0.001961000000001434,
                                                    "children": {
                                                        "_process_rank_one_or_two_observation": {
                                                            "total": 0.0035893999999991877,
                                                            "count": 4,
                                                            "is_parallel": true,
                                                            "self": 0.0035893999999991877
                                                        }
                                                    }
                                                },
                                                "UnityEnvironment.step": {
                                                    "total": 33.946920699999666,
                                                    "count": 8166,
                                                    "is_parallel": true,
                                                    "self": 0.910567699999234,
                                                    "children": {
                                                        "UnityEnvironment._generate_step_input": {
                                                            "total": 0.7018148000003182,
                                                            "count": 8166,
                                                            "is_parallel": true,
                                                            "self": 0.7018148000003182
                                                        },
                                                        "communicator.exchange": {
                                                            "total": 28.53011129999974,
                                                            "count": 8166,
                                                            "is_parallel": true,
                                                            "self": 28.53011129999974
                                                        },
                                                        "steps_from_proto": {
                                                            "total": 3.8044269000003723,
                                                            "count": 8166,
                                                            "is_parallel": true,
                                                            "self": 2.2380445000004077,
                                                            "children": {
                                                                "_process_rank_one_or_two_observation": {
                                                                    "total": 1.5663823999999646,
                                                                    "count": 32664,
                                                                    "is_parallel": true,
                                                                    "self": 1.5663823999999646
                                                                }
                                                            }
                                                        }
                                                    }
                                                }
                                            }
                                        }
                                    }
                                }
                            }
                        }
                    }
                },
                "TrainerController._save_models": {
                    "total": 0.22560519999998974,
                    "count": 1,
                    "self": 0.05157349999998928,
                    "children": {
                        "RLTrainer._checkpoint": {
                            "total": 0.17403170000000046,
                            "count": 1,
                            "self": 0.17403170000000046
                        }
                    }
                }
            }
        }
    }
}